1,aaa,1111,Female,208-320-1196,rfarmery0@woothemes.com
2,bbb,2222,Male,582-552-0057,atomczak1@cbslocal.com
3,ccc,3333,Female,796-862-1589,kconers2@upenn.edu
4,Kissiah,2528,Female,703-557-0049,kviant3@icq.com
5,Umberto,8410,Male,130-869-6939,ufinnes4@pbs.org
6,Glory,3231,Female,554-945-2298,ggauge5@uol.com.br
7,Cobb,1758,Male,308-777-6044,cjewks6@economist.com
8,Arch,9722,Male,766-337-4078,arabbitt7@trellian.com
9,Erhart,5171,Male,230-537-6583,egorch8@slate.com
10,Ophelie,9634,Female,145-924-8608,ofinding9@photobucket.com
11,Chrissie,5824,Male,609-711-5471,cbadricka@ftc.gov
12,Pearla,3145,Female,242-945-9504,pburfieldb@comcast.net
13,Millisent,2523,Female,735-452-8076,mklasenc@unc.edu
14,Hersch,3380,Male,230-961-9363,hwattinhamd@taobao.com
15,Filbert,3069,Male,210-211-3148,fkeetche@unesco.org
16,Zak,3838,Male,118-735-9717,zfriesef@hibu.com
17,Johnny,3256,Male,179-817-3642,jglanisterg@infoseek.co.jp
18,Cathy,6356,Female,616-276-8494,cmosdellh@google.it
19,Ferris,1542,Male,886-733-9644,fhaini@squidoo.com
20,Cosimo,5025,Male,412-194-0656,castlattj@toplist.cz
21,Nicky,8621,Female,108-350-7468,nluckmank@home.pl
22,Lonna,7776,Female,559-469-5436,ldorsayl@gizmodo.com
23,Feliza,5891,Female,385-348-6997,fchaineym@indiatimes.com
24,Meade,1617,Male,754-665-1992,mreen@gmpg.org
25,Jesus,3856,Male,541-958-5363,jwillo@alibaba.com
26,Jocko,1616,Male,174-635-9506,jbewseyp@samsung.com
27,Maybelle,4962,Female,547-227-2935,mparsleyq@fema.gov
28,Nico,4345,Male,280-828-7234,nuccellir@joomla.org
29,Daphna,6067,Female,920-439-5785,dmccafferys@slideshare.net
30,Joceline,8364,Female,665-740-2023,jdunkleyt@go.com
31,Emelina,9680,Female,272-619-6346,esilleyu@wp.com
32,Eran,1965,Female,721-448-1468,ebeauvaisv@ocn.ne.jp
33,Berna,4001,Female,317-374-0193,bbaldenw@creativecommons.org
34,Zach,4121,Male,598-609-0360,zroufx@webeden.co.uk
35,Romeo,7708,Male,852-851-2381,rharrissy@amazon.co.jp
36,Stillman,7040,Male,584-938-7195,stwellsz@dot.gov
37,Candra,2312,Female,480-888-4926,ccusty10@zimbio.com
38,Meier,1049,Male,312-323-3067,mhadden11@163.com
39,Judd,2896,Male,915-756-6498,jwhitehouse12@cdc.gov
40,Bobinette,2012,Female,612-866-9378,bminchella13@altervista.org
41,Adel,7944,Female,488-529-5874,alamswood14@fc2.com
42,Archie,7656,Male,655-876-7316,atretter15@apache.org
43,Bronny,9435,Male,503-537-8523,bdukelow16@seesaa.net
44,Gabie,4858,Male,234-327-7350,gdenny17@bing.com
45,Agata,9551,Female,838-606-5700,aaveray18@miibeian.gov.cn
46,Kristos,6577,Male,343-365-8882,kwabey19@army.mil
47,Wilt,8384,Male,923-781-2604,wpietruszka1a@networksolutions.com
48,Joe,5883,Male,653-635-2987,jcereceres1b@furl.net
49,Wilbert,2424,Male,972-903-7748,wreyson1c@gnu.org
50,Barris,5148,Male,899-935-1377,bsign1d@nps.gov
51,Donni,3854,Female,585-791-9220,dkrebs1e@dell.com
52,Ulick,1142,Male,809-996-6047,utomsu1f@xrea.com
53,Ferdinand,7834,Male,101-663-8146,fbaudins1g@blinklist.com
54,Wally,5626,Male,905-993-2742,wiwanowski1h@mozilla.org
55,Phillis,1609,Female,138-748-5854,pblackley1i@omniture.com
56,Van,5828,Female,961-417-6640,vbeevors1j@dot.gov
57,Herc,5154,Male,301-716-5137,hgaskarth1k@umn.edu
58,Bent,6223,Male,922-150-4607,btaylo1l@slate.com
59,Wait,5531,Male,775-864-2207,wcrosen1m@xrea.com
60,Hunfredo,6823,Male,171-328-3904,hnudde1n@discovery.com
61,Halsy,4769,Male,133-497-5976,hgallelli1o@wikia.com
62,Eamon,5621,Male,549-363-9080,emelendez1p@japanpost.jp
63,Leoline,2537,Female,630-514-6320,llongworthy1q@eepurl.com
64,Wyndham,8481,Agender,619-580-1221,wpinney1r@nih.gov
65,Freddy,9334,Female,185-961-3253,ftocqueville1s@forbes.com
66,Matias,9648,Male,922-641-8726,mbarkess1t@tinypic.com
67,Margery,9701,Female,478-777-0405,mschaumaker1u@jigsy.com
68,Cassy,7225,Non-binary,694-626-4873,ckornousek1v@narod.ru
69,Carce,5993,Male,858-868-2652,cbirkwood1w@slate.com
70,Iver,3151,Male,777-515-8358,iedgson1x@ucoz.ru
71,Ardenia,4381,Female,387-899-8164,amckitterick1y@state.tx.us
72,Prudi,8616,Female,199-149-9270,prehme1z@istockphoto.com
73,Ara,7904,Male,303-137-2271,acostley20@microsoft.com
74,Ange,2863,Female,170-789-7034,agullis21@upenn.edu
75,Amber,4417,Female,708-339-4551,adyke22@so-net.ne.jp
76,Berkie,7831,Male,490-751-5107,bgoodman23@cocolog-nifty.com
77,Avrom,7051,Male,125-865-0534,apeare24@sun.com
78,Frasquito,7666,Male,923-758-3907,fkorting25@psu.edu
79,Marjie,9433,Female,884-447-8371,mpoge26@craigslist.org
80,Hester,5853,Female,126-271-3472,hgavigan27@arstechnica.com
81,Betti,7218,Female,182-119-2352,bathowe28@hexun.com
82,Sidonia,5525,Female,174-326-5471,sconnick29@blogtalkradio.com
83,Avictor,6824,Male,361-773-6461,abernli2a@auda.org.au
84,Em,7372,Male,251-182-5887,ebreadon2b@tamu.edu
85,Goddard,3744,Male,352-141-6798,gwickrath2c@foxnews.com
86,Zak,8335,Male,112-295-8410,zglacken2d@de.vu
87,Andrey,4640,Agender,366-791-2682,aoldman2e@cnet.com
88,Sullivan,7888,Male,726-394-0537,sedel2f@sphinn.com
89,Alister,3509,Male,116-846-8144,abartomieu2g@noaa.gov
90,Bendick,8269,Male,753-291-3451,bwaldron2h@springer.com
91,Celie,7067,Female,167-311-8480,cblower2i@omniture.com
92,Gusta,3939,Female,142-388-0812,grosten2j@google.co.jp
93,Sybyl,6248,Female,195-748-2399,sfearnsides2k@cbsnews.com
94,Silvain,8526,Male,161-624-3386,smatveiko2l@facebook.com
95,Alfred,1375,Male,532-963-7972,aocannan2m@example.com
96,Theobald,8264,Genderfluid,500-313-6642,tpalphramand2n@macromedia.com
97,Gabi,5095,Male,751-259-9749,gfennelly2o@cyberchimps.com
98,Keelia,3601,Female,506-146-2799,kpurcer2p@blog.com
99,Howey,4358,Male,345-229-9551,hbealing2q@newyorker.com
100,Dottie,4718,Female,120-603-5248,dtunkin2r@cmu.edu
